product,pnl
RegDown,86716.05601308012
SP15,16730.44261544285
RegUp,6945.487853201
Spin,2160.128160009424
NonSpin,1476.936163395262
